{
  "lastUpdate": "2025-12-05T12:00:00",
  "poultry": [
    {
      "name": "فراخ بيضاء",
      "priceAnnounced": "60",
      "priceExecution": "58",
      "icon": "🐔"
    },
    {
      "name": "فراخ ساسو",
      "priceAnnounced": "85",
      "priceExecution": "83",
      "icon": "🐔"
    },
    {
      "name": "الأمهات",
      "priceAnnounced": "77",
      "priceExecution": "75",
      "icon": "🐔"
    },
    {
      "name": "بلدي",
      "priceAnnounced": "92",
      "priceExecution": "90",
      "icon": "🐔"
    },
    {
      "name": "رومي أبيض",
      "priceAnnounced": "97",
      "priceExecution": "95",
      "icon": "🦃"
    },
    {
      "name": "رومي أسود",
      "priceAnnounced": "100",
      "priceExecution": "98",
      "icon": "🦃"
    },
    {
      "name": "بط مسكوفي",
      "priceAnnounced": "70",
      "priceExecution": "68",
      "icon": "🦆"
    },
    {
      "name": "بط مولر",
      "priceAnnounced": "65",
      "priceExecution": "63",
      "icon": "🦆"
    },
    {
      "name": "بط فرنساوي",
      "priceAnnounced": "68",
      "priceExecution": "66",
      "icon": "🦆"
    },
    {
      "name": "سمان",
      "priceAnnounced": "55",
      "priceExecution": "53",
      "icon": "🐦"
    }
  ],
  "chicks": [
    {
      "name": "كتكوت ساسو",
      "price": "12.5",
      "badge": "teal"
    },
    {
      "name": "كتكوت أبيض أهالي",
      "price": "10.5",
      "badge": "teal"
    },
    {
      "name": "الوادى",
      "price": "12.5",
      "badge": "teal"
    },
    {
      "name": "الوطنية",
      "price": "12.3",
      "badge": "teal"
    },
    {
      "name": "الدقهلية",
      "price": "12.4",
      "badge": "teal"
    },
    {
      "name": "امات",
      "price": "12.0",
      "badge": "teal"
    },
    {
      "name": "كايرو ثرى اى",
      "price": "11.8",
      "badge": "teal"
    },
    {
      "name": "القاهرة",
      "price": "12.2",
      "badge": "teal"
    },
    {
      "name": "دلتا مصر",
      "price": "12.1",
      "badge": "teal"
    },
    {
      "name": "رمضان فكرى",
      "price": "11.9",
      "badge": "teal"
    },
    {
      "name": "الشروق",
      "price": "12.3",
      "badge": "teal"
    }
  ],
  "eggs": [
    {
      "name": "بيض أبيض",
      "price": "45",
      "badge": "blue"
    },
    {
      "name": "بيض أحمر",
      "price": "50",
      "badge": "brown"
    },
    {
      "name": "بيض بلدي",
      "price": "60",
      "badge": "teal"
    }
  ],
  "feed": [
    {
      "name": "علف تسمين",
      "price": "14500",
      "badge": "green"
    },
    {
      "name": "علف بياض",
      "price": "15200",
      "badge": "green"
    },
    {
      "name": "علف بادي",
      "price": "16800",
      "badge": "orange"
    },
    {
      "name": "علف مركز",
      "price": "18500",
      "badge": "teal"
    }
  ],
  "materials": [
    {
      "name": "ذرة صفراء",
      "price": "14,500",
      "badge": "orange",
      "icon": "🌽"
    },
    {
      "name": "ذرة بيضاء",
      "price": "13,800",
      "badge": "orange",
      "icon": "🌽"
    },
    {
      "name": "كسب فول الصويا",
      "price": "22,000",
      "badge": "orange",
      "icon": "🌱"
    },
    {
      "name": "نخالة القمح",
      "price": "8,500",
      "badge": "orange",
      "icon": "🌾"
    },
    {
      "name": "مركزات بروتين",
      "price": "18,000",
      "badge": "orange",
      "icon": "🧪"
    },
    {
      "name": "شعير",
      "price": "9,500",
      "badge": "orange",
      "icon": "🌾"
    }
  ]
}