{
  "lastUpdate": "2025-12-05T12:00:00",
  "poultry": [
    {
      "name": "فراخ بيضاء",
      "priceAnnounced": "60",
      "priceExecution": "58",
      "icon": "🐔"
    },
    {
      "name": "فراخ ساسو",
      "priceAnnounced": "85",
      "priceExecution": "83",
      "icon": "🐔"
    },
    {
      "name": "الأمهات",
      "priceAnnounced": "77",
      "priceExecution": "75",
      "icon": "🐔"
    },
    {
      "name": "بلدي",
      "priceAnnounced": "92",
      "priceExecution": "90",
      "icon": "🐔"
    },
    {
      "name": "رومي أبيض",
      "priceAnnounced": "97",
      "priceExecution": "95",
      "icon": "🦃"
    },
    {
      "name": "رومي أسود",
      "priceAnnounced": "100",
      "priceExecution": "98",
      "icon": "🦃"
    },
    {
      "name": "بط مسكوفي",
      "priceAnnounced": "70",
      "priceExecution": "68",
      "icon": "🦆"
    },
    {
      "name": "بط مولر",
      "priceAnnounced": "65",
      "priceExecution": "63",
      "icon": "🦆"
    },
    {
      "name": "بط فرنساوي",
      "priceAnnounced": "68",
      "priceExecution": "66",
      "icon": "🦆"
    },
    {
      "name": "سمان",
      "priceAnnounced": "55",
      "priceExecution": "53",
      "icon": "🐦"
    }
  ],
  "chicksCompanies": [
    {
      "name": "كتكوت ساسو",
      "logo": null,
      "price": "12.5"
    },
    {
      "name": "كتكوت أبيض أهالي",
      "logo": null,
      "price": "10.5"
    },
    {
      "name": "الوادى",
      "logo": "wadi-chicks-logo.png",
      "price": "12.5"
    },
    {
      "name": "الوطنية",
      "logo": "watane-logo.png",
      "price": "12.3"
    },
    {
      "name": "الدقهلية",
      "logo": "daka-logo.png",
      "price": "12.4"
    },
    {
      "name": "امات",
      "logo": "amat-logo.png",
      "price": "12.0"
    },
    {
      "name": "كايرو ثرى اى",
      "logo": "cairo-logo.png",
      "price": "11.8"
    },
    {
      "name": "القاهرة",
      "logo": "cpc-logo.png",
      "price": "12.2"
    },
    {
      "name": "دلتا مصر",
      "logo": "delta-logo.png",
      "price": "12.1"
    },
    {
      "name": "رمضان فكرى",
      "logo": "ramadan-logo.png",
      "price": "11.9"
    },
    {
      "name": "الشروق",
      "logo": "shrouk-logo.png",
      "price": "12.3"
    },
    {
      "name": "سامي عياد",
      "logo": "samy-logo.png",
      "price": "12.4"
    },
    {
      "name": "التسعين",
      "logo": "99-logo.png",
      "price": "12.2"
    },
    {
      "name": "الابرار",
      "logo": "abrar-logo.png",
      "price": "12.1"
    },
    {
      "name": "القصبي",
      "logo": "qasaby-logo.png",
      "price": "12.0"
    }
  ],
  "feedCompanies": [
    {
      "name": "نيو هوب",
      "logo": "newhope-logo.png",
      "bady23": "16800",
      "namy21": "15500",
      "nahy19": "14800"
    },
    {
      "name": "هايدا",
      "logo": "haida-logo.png",
      "bady23": "16500",
      "namy21": "15300",
      "nahy19": "14600"
    },
    {
      "name": "الدقهلية",
      "logo": "daqahliya-logo.png",
      "bady23": "16900",
      "namy21": "15700",
      "nahy19": "14900"
    },
    {
      "name": "الايمان",
      "logo": "eman-logo.png",
      "bady23": "16700",
      "namy21": "15400",
      "nahy19": "14700"
    },
    {
      "name": "القائد",
      "logo": "qaed-logo.png",
      "bady23": "16600",
      "namy21": "15600",
      "nahy19": "14750"
    },
    {
      "name": "الاهرام",
      "logo": "ahram-logo.png",
      "bady23": "16850",
      "namy21": "15550",
      "nahy19": "14850"
    },
    {
      "name": "الفتح",
      "logo": "fath-logo.png",
      "bady23": "16750",
      "namy21": "15450",
      "nahy19": "14650"
    },
    {
      "name": "الوادى",
      "logo": "wadi-logo.png",
      "bady23": "16800",
      "namy21": "15500",
      "nahy19": "14700"
    },
    {
      "name": "نوفافيد",
      "logo": "nova-logo.png",
      "bady23": "16700",
      "namy21": "15450",
      "nahy19": "14650"
    },
    {
      "name": "المجد",
      "logo": "magd-logo.png",
      "bady23": "16750",
      "namy21": "15480",
      "nahy19": "14700"
    },
    {
      "name": "المصرية الهولندية",
      "logo": "tarek-logo.png",
      "bady23": "16850",
      "namy21": "15550",
      "nahy19": "14750"
    },
    {
      "name": "فيدمكس",
      "logo": "fedmex-logo.png",
      "bady23": "16900",
      "namy21": "15600",
      "nahy19": "14800"
    },
    {
      "name": "السلام",
      "logo": "salam-logo.png",
      "bady23": "16780",
      "namy21": "15520",
      "nahy19": "14720"
    },
    {
      "name": "سامي عياد",
      "logo": "samy-logo.png",
      "bady23": "16950",
      "namy21": "15650",
      "nahy19": "14850"
    }
  ],
  "eggs": [
    {
      "name": "بيض أبيض",
      "price": "45"
    },
    {
      "name": "بيض أحمر",
      "price": "50"
    },
    {
      "name": "بيض بلدي",
      "price": "60"
    }
  ],
  "materials": [
    {
      "name": "ذرة أرجنتيني",
      "price": "14,800",
      "icon": "🌽"
    },
    {
      "name": "ذرة برازيلي",
      "price": "14,600",
      "icon": "🌽"
    },
    {
      "name": "ذرة اوكراني",
      "price": "14,400",
      "icon": "🌽"
    },
    {
      "name": "ذرة امريكي",
      "price": "15,000",
      "icon": "🌽"
    },
    {
      "name": "صويا 46%",
      "price": "22,500",
      "icon": "🌱"
    },
    {
      "name": "صويا 44%",
      "price": "21,800",
      "icon": "🌱"
    },
    {
      "name": "ذرة صفراء",
      "price": "14,500",
      "icon": "🌽"
    },
    {
      "name": "ذرة بيضاء",
      "price": "13,800",
      "icon": "🌽"
    },
    {
      "name": "كسب فول الصويا",
      "price": "22,000",
      "icon": "🌱"
    },
    {
      "name": "نخالة القمح",
      "price": "8,500",
      "icon": "🌾"
    },
    {
      "name": "مركزات بروتين",
      "price": "18,000",
      "icon": "🧪"
    },
    {
      "name": "شعير",
      "price": "9,500",
      "icon": "🌾"
    }
  ]
}
